{
  "users": [
    {
      "id": "Rb8ztb8UXqZQ8YUR4wkqK",
      "email": "amberpang2002@gmail.com"
    },
    {
      "id": "72TVl_OP_7PhT_h8kQ7Sf",
      "email": "aphyueh@gmail.com"
    },
    {
      "id": "fQEdLA-FK0Ax-Ao-GWKXt",
      "email": "apan0063@student.monash.edu"
    }
  ],
  "todos": [
    {
      "id": "LQDWzfRhpO-pJT9aCgXHg",
      "text": "Eat cake",
      "userId": "72TVl_OP_7PhT_h8kQ7Sf",
      "completed": true
    },
    {
      "id": "-g5RA5xzslgXmHFAl0R6M",
      "text": "Pray",
      "userId": "72TVl_OP_7PhT_h8kQ7Sf",
      "completed": true
    },
    {
      "id": "f26RlRQfkqd0l5TSPj3pN",
      "text": "Something new",
      "userId": "72TVl_OP_7PhT_h8kQ7Sf",
      "completed": false
    }
  ]
}